{"dry_center_of_gravity": 3.34985, "wet_center_of_gravity": 3.5865199999999997, "diameter": 0.157, "wet_mass": 39.33, "dry_mass": 27.06, "length": 5.105}